nameFirst,nameLast,username,password,isCorporate,cardNum,cvv,expiration,address,name
firstname,lastname,user,pass,0,1234567890123456,123,3-6-2024,firstname lastname
firstname,lastname,userCorporate,pass,1
Emma,Johnson,ejohnson,Pa$$w0rd1,1
James,Davis,jdavis,SecurePassword2,0
Olivia,Wilson,owilson,MyP@ssword3,0
Liam,Brown,lbrown,StrongPassword4,1
Ava,Miller,amiller,S3cur3P@ssword5,0
William,Moore,wmoore,Password6!,0
Sophia,Taylor,staylor,C0mpl3xPassw0rd7,1
Benjamin,Anderson,banderson,P@ssword8,0
Sarah,Jackson,sjackson,P@ssw0rd9,0
Michael,Williams,mwilliams,Pa$$word10,1
Nicholas,Jones,njones,Passw0rd11,0
Hannah,Baker,hbaker,StrongP@ssword12,1
Ethan,Wright,ewright,S3cur3P@ssword13,0
Leah,Campbell,lcampbell,P@ssword14,0
David,Lee,dlee,C0mpl3xPassw0rd15,1
Grace,Clark,gclark,P@ssw0rd16,0
Jacob,Young,jyoung,StrongPassword17,0
Abigail,Harris,aharris,S3cur3P@ssword18,1
Mason,Allen,mallen,Pa$$word19,0
Sophie,King,sking,ComplexPassword20,1